{
"Versions": {
"JuLIP": {
"major": 0,
"minor": 14,
"patch": 8,
"prerelease": [],
"build": []
},
"ACEbase": {
"major": 0,
"minor": 4,
"patch": 4,
"prerelease": [],
"build": []
},
"ACE1x": {
"major": 0,
"minor": 1,
"patch": 11,
"prerelease": [],
"build": []
},
"ACE1": {
"major": 0,
"minor": 12,
"patch": 5,
"prerelease": [],
"build": []
},
"ACEmd": {
"major": 0,
"minor": 1,
"patch": 17,
"prerelease": [],
"build": []
},
"ACEpotentials": {
"major": 0,
"minor": 6,
"patch": 7,
"prerelease": [],
"build": []
},
"ACEfit": {
"major": 0,
"minor": 1,
"patch": 5,
"prerelease": [],
"build": []
}
},
"IP": {
"components": [
{
"E0": {
"C": -245.44385736
},
"__id__": "JuLIP_OneBody"
},
{
"T": {
"T": "Float64",
"__id__": "Type"
},
"basis": {
"Pr": [
{
"envelope": {
"rcut": 5.0,
"T": {
"T": "Float64",
"__id__": "Type"
},
"r0": 1.286958464,
"__id__": "ACE1_PolyEnvelope",
"p": 2
},
"J": {
"tl": 0.48994010375373215,
"B": [
0.0,
-5.059510205085523,
-5.656712860796714,
-5.7605288167823385,
-5.796440597062472,
-5.813004423323828,
-5.822000219887891,
-5.827436339368394,
-5.830981087470064,
-5.833429762164003
],
"A": [
0.9999999999999998,
6.791561878680457,
7.593208406895382,
7.732564285328456,
7.780769955059275,
7.803004172689409,
7.81507955282233,
7.822376650828912,
7.827134893247816,
7.830421837048832
],
"T": {
"T": "Float64",
"__id__": "Type"
},
"pl": 0,
"tr": 1.0,
"C": [
0.0,
0.0,
-1.1180356658063453,
-1.0183527003297173,
-1.0062341117321738,
-1.0028575857862938,
-1.0015475296265202,
-1.000933720246485,
-1.0006082860275842,
-1.0004199421429973
],
"pr": 0,
"__id__": "ACE1_OrthPolyBasis"
},
"ru": 5.0,
"trans": {
"rin": 0.0,
"r0": 1.286958464,
"q": 3,
"__id__": "ACE1_Agnesi2Transform",
"p": 1,
"a": 0.2857142857142857
},
"__id__": "ACE1_TransformedPolys",
"rl": 0.0
}
],
"zlist": {
"list": [
6
],
"__id__": "JuLIP_SZList"
},
"__id__": "ACE1_PolyPairBasis"
},
"coeffs": [
0.2198308525464982,
-7.423651386937885,
9.46270687154476,
-1.193511310052572,
6.1638833498106385,
-5.778035647269538,
4.886655032795064,
-2.6807806734511566,
2.603377260788062,
-0.9923490133758028
],
"__id__": "ACE1_PolyPairPot",
"committee": "nothing"
},
{
"meta": {
"ACE1_version": {
"major": 0,
"minor": 12,
"patch": 5,
"prerelease": [],
"build": []
}
},
"coeffs": [
{
"real": [
-1.6296933389757249,
1.1427234823414711,
-0.20101542489103225,
-0.2872638741463448,
0.2210720216115111,
-0.011206979008196193,
-0.04192628168618539,
0.012148573554660548,
2.5646777539539443,
-3.855510522318938,
0.8780614147002305,
-0.028668120436112457,
-0.6713162160266014,
0.33565810801330076,
1.371296677158427,
-0.4622291145665065
],
"T": {
"T": "Float64",
"__id__": "Type"
},
"size": [
16
],
"__id__": "ACE_ArrayOfNumber"
}
],
"__id__": "ACE1_PIPotential",
"pibasis": {
"basis1p": {
"spec": [
{
"nlmz": [
1,
0,
0,
0
],
"__id__": "ACE1_PSH1pBasisFcn"
},
{
"nlmz": [
1,
1,
-1,
0
],
"__id__": "ACE1_PSH1pBasisFcn"
},
{
"nlmz": [
1,
1,
0,
0
],
"__id__": "ACE1_PSH1pBasisFcn"
},
{
"nlmz": [
1,
1,
1,
0
],
"__id__": "ACE1_PSH1pBasisFcn"
},
{
"nlmz": [
2,
0,
0,
0
],
"__id__": "ACE1_PSH1pBasisFcn"
},
{
"nlmz": [
3,
0,
0,
0
],
"__id__": "ACE1_PSH1pBasisFcn"
},
{
"nlmz": [
4,
0,
0,
0
],
"__id__": "ACE1_PSH1pBasisFcn"
},
{
"nlmz": [
5,
0,
0,
0
],
"__id__": "ACE1_PSH1pBasisFcn"
},
{
"nlmz": [
6,
0,
0,
0
],
"__id__": "ACE1_PSH1pBasisFcn"
},
{
"nlmz": [
7,
0,
0,
0
],
"__id__": "ACE1_PSH1pBasisFcn"
},
{
"nlmz": [
8,
0,
0,
0
],
"__id__": "ACE1_PSH1pBasisFcn"
}
],
"J": {
"envelope": {
"__id__": "ACE1_OneEnvelope"
},
"J": {
"tl": -1.0,
"B": [
0.0,
-2.0786140873094945e-18,
-7.017609472481619e-18,
2.412551411320251e-17,
-4.62164749360015e-17,
8.442290037528487e-17,
-1.036773538695508e-16,
1.0425048391689846e-16,
-1.0935396246574519e-16,
1.1420171246516114e-16,
-1.2236837934382784e-16,
1.182192736628651e-16,
-8.383224079690349e-17,
1.6979098049736654e-16
],
"A": [
1.5687375497513916,
3.316624790355401,
2.6739483914241924,
2.430862174022013,
2.3048861143233235,
2.2291771507065796,
2.179449471771357,
2.1447610589554333,
2.11947811973324
],
"T": {
"T": "Float64",
"__id__": "Type"
},
"pl": 2,
"tr": 1.0,
"C": [
0.0,
0.0,
-0.8062257748298566,
-0.9090909090909166,
-0.9481763873554975,
-0.9671528397232887,
-0.9776923610941106,
-0.9840838646340674,
-0.9882117688044432,
-0.9910081668223438,
-0.9929753269925167,
-0.9944021951446381,
-0.9954638496291572,
-0.9962709628235593
],
"pr": 2,
"__id__": "ACE1_OrthPolyBasis"
},
"ru": 5.0,
"trans": {
"transforms": [
{
"xy": [
1.0,
0.08410775261128545,
-1.0,
1.0
],
"t": {
"rin": 0.0,
"r0": 1.286958464,
"q": 4,
"__id__": "ACE1_Agnesi2Transform",
"p": 2,
"a": 0.7692307692307693
},
"__id__": "ACE1_AffineT"
}
],
"zlist": {
"list": [
6
],
"__id__": "JuLIP_SZList"
},
"__id__": "ACE1_MultiTransform"
},
"__id__": "ACE1_TransformedPolys",
"rl": 0.0
},
"zlist": {
"list": [
6
],
"__id__": "JuLIP_SZList"
},
"SH": {
"T": {
"T": "Float64",
"__id__": "Type"
},
"maxL": 1,
"__id__": "ACE1_SHBasis"
},
"__id__": "ACE1_BasicPSH1pBasis"
},
"inner": [
[
{
"oneps": [
{
"nlmz": [
5,
0,
0,
6
],
"__id__": "ACE1_PSH1pBasisFcn"
}
],
"z0": {
"z": 6,
"__id__": "JuLIP_AtomicNumber"
},
"__id__": "ACE1_PIBasisFcn"
},
{
"oneps": [
{
"nlmz": [
8,
0,
0,
6
],
"__id__": "ACE1_PSH1pBasisFcn"
}
],
"z0": {
"z": 6,
"__id__": "JuLIP_AtomicNumber"
},
"__id__": "ACE1_PIBasisFcn"
},
{
"oneps": [
{
"nlmz": [
1,
0,
0,
6
],
"__id__": "ACE1_PSH1pBasisFcn"
},
{
"nlmz": [
2,
0,
0,
6
],
"__id__": "ACE1_PSH1pBasisFcn"
}
],
"z0": {
"z": 6,
"__id__": "JuLIP_AtomicNumber"
},
"__id__": "ACE1_PIBasisFcn"
},
{
"oneps": [
{
"nlmz": [
6,
0,
0,
6
],
"__id__": "ACE1_PSH1pBasisFcn"
}
],
"z0": {
"z": 6,
"__id__": "JuLIP_AtomicNumber"
},
"__id__": "ACE1_PIBasisFcn"
},
{
"oneps": [
{
"nlmz": [
1,
0,
0,
6
],
"__id__": "ACE1_PSH1pBasisFcn"
},
{
"nlmz": [
3,
0,
0,
6
],
"__id__": "ACE1_PSH1pBasisFcn"
}
],
"z0": {
"z": 6,
"__id__": "JuLIP_AtomicNumber"
},
"__id__": "ACE1_PIBasisFcn"
},
{
"oneps": [
{
"nlmz": [
1,
1,
0,
6
],
"__id__": "ACE1_PSH1pBasisFcn"
},
{
"nlmz": [
1,
1,
0,
6
],
"__id__": "ACE1_PSH1pBasisFcn"
}
],
"z0": {
"z": 6,
"__id__": "JuLIP_AtomicNumber"
},
"__id__": "ACE1_PIBasisFcn"
},
{
"oneps": [
{
"nlmz": [
4,
0,
0,
6
],
"__id__": "ACE1_PSH1pBasisFcn"
}
],
"z0": {
"z": 6,
"__id__": "JuLIP_AtomicNumber"
},
"__id__": "ACE1_PIBasisFcn"
},
{
"oneps": [
{
"nlmz": [
1,
0,
0,
6
],
"__id__": "ACE1_PSH1pBasisFcn"
},
{
"nlmz": [
1,
0,
0,
6
],
"__id__": "ACE1_PSH1pBasisFcn"
}
],
"z0": {
"z": 6,
"__id__": "JuLIP_AtomicNumber"
},
"__id__": "ACE1_PIBasisFcn"
},
{
"oneps": [
{
"nlmz": [
2,
0,
0,
6
],
"__id__": "ACE1_PSH1pBasisFcn"
}
],
"z0": {
"z": 6,
"__id__": "JuLIP_AtomicNumber"
},
"__id__": "ACE1_PIBasisFcn"
},
{
"oneps": [
{
"nlmz": [
2,
0,
0,
6
],
"__id__": "ACE1_PSH1pBasisFcn"
},
{
"nlmz": [
2,
0,
0,
6
],
"__id__": "ACE1_PSH1pBasisFcn"
}
],
"z0": {
"z": 6,
"__id__": "JuLIP_AtomicNumber"
},
"__id__": "ACE1_PIBasisFcn"
},
{
"oneps": [
{
"nlmz": [
1,
0,
0,
6
],
"__id__": "ACE1_PSH1pBasisFcn"
}
],
"z0": {
"z": 6,
"__id__": "JuLIP_AtomicNumber"
},
"__id__": "ACE1_PIBasisFcn"
},
{
"oneps": [
{
"nlmz": [
3,
0,
0,
6
],
"__id__": "ACE1_PSH1pBasisFcn"
}
],
"z0": {
"z": 6,
"__id__": "JuLIP_AtomicNumber"
},
"__id__": "ACE1_PIBasisFcn"
},
{
"oneps": [
{
"nlmz": [
2,
0,
0,
6
],
"__id__": "ACE1_PSH1pBasisFcn"
},
{
"nlmz": [
3,
0,
0,
6
],
"__id__": "ACE1_PSH1pBasisFcn"
}
],
"z0": {
"z": 6,
"__id__": "JuLIP_AtomicNumber"
},
"__id__": "ACE1_PIBasisFcn"
},
{
"oneps": [
{
"nlmz": [
7,
0,
0,
6
],
"__id__": "ACE1_PSH1pBasisFcn"
}
],
"z0": {
"z": 6,
"__id__": "JuLIP_AtomicNumber"
},
"__id__": "ACE1_PIBasisFcn"
},
{
"oneps": [
{
"nlmz": [
1,
0,
0,
6
],
"__id__": "ACE1_PSH1pBasisFcn"
},
{
"nlmz": [
4,
0,
0,
6
],
"__id__": "ACE1_PSH1pBasisFcn"
}
],
"z0": {
"z": 6,
"__id__": "JuLIP_AtomicNumber"
},
"__id__": "ACE1_PIBasisFcn"
},
{
"oneps": [
{
"nlmz": [
1,
1,
-1,
6
],
"__id__": "ACE1_PSH1pBasisFcn"
},
{
"nlmz": [
1,
1,
1,
6
],
"__id__": "ACE1_PSH1pBasisFcn"
}
],
"z0": {
"z": 6,
"__id__": "JuLIP_AtomicNumber"
},
"__id__": "ACE1_PIBasisFcn"
}
]
],
"__id__": "ACE1_PIBasis"
},
"committee": "nothing"
}
],